Đổi lúc,Mã khách,Tên khách,Số điện thoại,Phần quà,Điểm đã trừ,Đã phát,PG phát,Phát lúc,Có ảnh,Đường dẫn ảnh
22/09/2026 08:33:55,KH1001,Nguyễn Văn An,0901234567,BÌNH NƯỚC + LỐC ROCKSTAR,10,x,PG 06,22/09/2026 08:33:55,x,
22/09/2026 09:05:12,KH1002,Trần Thị Bình,0902345678,BÌNH NƯỚC + LỐC ROCKSTAR,10,x,PG 01,22/09/2026 09:05:12,x,
22/09/2026 09:41:03,KH1003,Lê Văn Chiến,0903456789,BÌNH NƯỚC + LỐC ROCKSTAR,10,yes,PG 06,22/09/2026 09:41:03,,
22/09/2026 10:12:47,KH1004,Phạm Thị Dung,0904567890,NÓN BẢO HIỂM + THÙNG ROCKSTAR,20,X,PG 02,22/09/2026 10:12:47,x,
22/09/2026 10:58:20,KH1005,Hoàng Văn Em,0905678901,NÓN BẢO HIỂM + THÙNG ROCKSTAR,20,x,PG 02,22/09/2026 10:58:20,,
22/09/2026 11:20:09,KH1006,Vũ Thị Phượng,0906789012,NÓN BẢO HIỂM + THÙNG ROCKSTAR,20,1,PG 01,22/09/2026 11:20:09,x,
22/09/2026 11:45:00,KH1007,Đặng Văn Quang,0907890123,BÌNH NƯỚC + LỐC ROCKSTAR,10,,PG 06,22/09/2026 11:45:00,,
22/09/2026 13:02:31,KH1008,Bùi Thị Rạch,0908901234,ÁO KHOAC PHẢN CHIẾU + MŨ BẢO HIỂM,30,true,PG 03,22/09/2026 13:02:31,x,
22/09/2026 13:44:18,KH1009,Đỗ Văn Sơn,0909012345,ÁO KHOAC PHẢN CHIẾU + MŨ BẢO HIỂM,30,x,PG 03,22/09/2026 13:44:18,,
22/09/2026 14:15:55,KH1010,Phan Thị Thảo,0910123456,ÁO KHOAC PHẢN CHIẾU + MŨ BẢO HIỂM,30,x,PG 04,22/09/2026 14:15:55,,
22/09/2026 14:50:02,KH1011,Ngô Văn Tuấn,0911234567,BÌNH NƯỚC + LỐC ROCKSTAR,10,x,PG 01,22/09/2026 14:50:02,,
22/09/2026 15:22:41,KH1012,Dương Thị Yến,0912345678,NÓN BẢO HIỂM + THÙNG ROCKSTAR,20,x,PG 02,22/09/2026 15:22:41,,
23/09/2026 08:07:12,KH2001,Trịnh Văn An,0913456789,NÓN BẢO HIỂM + THÙNG ROCKSTAR,20,x,PG 01,23/09/2026 08:07:12,x,
23/09/2026 08:35:29,KH2002,Lý Thị Bình,0914567890,BÌNH NƯỚC + LỐC ROCKSTAR,10,x,PG 06,23/09/2026 08:35:29,x,
23/09/2026 09:12:03,KH2003,Phan Văn Chiến,0915678901,BÌNH NƯỚC + LỐC ROCKSTAR,10,yes,PG 06,23/09/2026 09:12:03,,
23/09/2026 09:48:51,KH2004,Huỳnh Thị Dung,0916789012,ÁO KHOAC PHẢN CHIẾU + MŨ BẢO HIỂM,30,x,PG 03,23/09/2026 09:48:51,,
23/09/2026 10:20:14,KH2005,Đinh Văn Em,0917890123,ÁO KHOAC PHẢN CHIẾU + MŨ BẢO HIỂM,30,x,PG 04,23/09/2026 10:20:14,,
23/09/2026 11:02:47,KH2006,Tạ Thị Phượng,0918901234,BALO GIẮT TAY + TÚI VẢI,25,1,PG 05,23/09/2026 11:02:47,x,
23/09/2026 13:33:20,KH2007,Chu Văn Quang,0919012345,BALO GIẮT TAY + TÚI VẢI,25,x,PG 05,23/09/2026 13:33:20,,
24/09/2026 08:15:09,KH3001,Lưu Thị Rạch,0920123456,BÌNH NƯỚC + LỐC ROCKSTAR,10,x,PG 01,24/09/2026 08:15:09,x,
24/09/2026 08:51:33,KH3002,Trịnh Văn Sơn,0921234567,NÓN BẢO HIỂM + THÙNG ROCKSTAR,20,x,PG 02,24/09/2026 08:51:33,,
24/09/2026 09:30:05,KH3003,Lý Thị Thảo,0922345678,NÓN BẢO HIỂM + THÙNG ROCKSTAR,20,x,PG 02,24/09/2026 09:30:05,,
24/09/2026 10:12:44,KH3004,Phan Văn Tuấn,0923456789,BALO GIẮT TAY + TÚI VẢI,25,true,PG 05,24/09/2026 10:12:44,,
24/09/2026 10:55:18,KH3005,Ngô Thị Yến,0924567890,BALO GIẮT TAY + TÚI VẢI,25,x,PG 05,24/09/2026 10:55:18,,
